Country,Lat,Long,Sample_ID,Plot_ID,tillage_intensity,tillage_intensity_calc,Crop_sp_2017,Crop_2017,Land_use,tillage_no_times,tillage_depth_max_cm,Crop_cover,src,geometry,overlay_id,bs_glad.landsat.seasconv.m.yearly_sum_30m_s_20090101_20091231_eu_epsg.3035_v20231127,bs_glad.landsat.seasconv.m.yearly_sum_30m_s_20080101_20081231_eu_epsg.3035_v20231127,bs_glad.landsat.seasconv.m.yearly_sum_30m_s_20120101_20121231_eu_epsg.3035_v20231127,bs_glad.landsat.seasconv.m.yearly_sum_30m_s_20150101_20151231_eu_epsg.3035_v20231127,bs_glad.landsat.seasconv.m.yearly_sum_30m_s_20100101_20101231_eu_epsg.3035_v20231127,bs_glad.landsat.seasconv.m.yearly_sum_30m_s_20160101_20161231_eu_epsg.3035_v20231127,bs_glad.landsat.seasconv.m.yearly_sum_30m_s_20140101_20141231_eu_epsg.3035_v20231127,bs_glad.landsat.seasconv.m.yearly_sum_30m_s_20070101_20071231_eu_epsg.3035_v20231127,bs_glad.landsat.seasconv.m.yearly_sum_30m_s_20110101_20111231_eu_epsg.3035_v20231127,bs_glad.landsat.seasconv.m.yearly_sum_30m_s_20130101_20131231_eu_epsg.3035_v20231127,bsf_10years,bsf_10years_agg
France,43.5346,1.4987,FR2,LA5,0.603640234,40.0,durum_wheat,wheat,Cropland,4,10,0.632653061,amf.fungi cover.crop soc,POINT (3633741.041262465 2308530.965914641),2,33.0,50.0,50.0,33.0,50.0,16.0,33.0,33.0,33.0,16.0,"[33.0, 50.0, 33.0, 50.0, 33.0, 50.0, 16.0, 33.0, 33.0, 16.0]",34.7
France,43.6139,3.97918,FR11,CA28A,0.494539648,20.0,durum_wheat,wheat,Cropland,1,20,0.780487805,amf.fungi cover.crop soc,POINT (3834339.940810503 2297874.672867701),3,83.0,66.0,33.0,33.0,16.0,50.0,50.0,16.0,50.0,66.0,"[16.0, 66.0, 83.0, 16.0, 50.0, 33.0, 66.0, 50.0, 33.0, 50.0]",46.3
France,43.615201,3.975673,FR10,MA6,0.494539648,20.0,durum_wheat,wheat,Cropland,1,20,0.82278481,amf.fungi cover.crop soc,POINT (3834068.061731482 2298041.268603395),4,66.0,66.0,50.0,66.0,50.0,16.0,50.0,66.0,50.0,50.0,"[66.0, 66.0, 66.0, 50.0, 50.0, 50.0, 50.0, 50.0, 66.0, 16.0]",53.0
France,43.615902,3.976568,FR8,MA7B2,0.494539648,20.0,durum_wheat,wheat,Cropland,1,20,0.721518987,amf.fungi cover.crop soc,POINT (3834146.09664411 2298112.960331295),5,50.0,50.0,33.0,0.0,16.0,0.0,16.0,33.0,0.0,0.0,"[33.0, 50.0, 50.0, 16.0, 0.0, 33.0, 0.0, 16.0, 0.0, 0.0]",19.8
France,43.61605,3.975727,FR9,MA8,0.494539648,20.0,durum_wheat,wheat,Cropland,1,20,0.8375,amf.fungi cover.crop soc,POINT (3834079.527231933 2298134.781875869),6,50.0,83.0,33.0,66.0,50.0,16.0,16.0,33.0,50.0,0.0,"[33.0, 83.0, 50.0, 50.0, 50.0, 33.0, 0.0, 16.0, 66.0, 16.0]",39.7
France,43.6167,3.974,FR7,MA9,0.596359766,40.0,durum_wheat,wheat,Cropland,2,20,0.836956522,amf.fungi cover.crop soc,POINT (3833945.727476575 2298217.856919291),7,83.0,66.0,33.0,0.0,33.0,16.0,50.0,66.0,33.0,50.0,"[66.0, 66.0, 83.0, 33.0, 33.0, 33.0, 50.0, 50.0, 0.0, 16.0]",43.0
France,43.647151,3.88559,FR5,,0.533811601,22.0,durum_wheat,wheat,Cropland,1,22,0.698924731,amf.fungi soc,POINT (3827076.73777945 2302162.530897825),8,0.0,16.0,0.0,0.0,0.0,0.0,0.0,0.0,0.0,0.0,"[0.0, 16.0, 0.0, 0.0, 0.0, 0.0, 0.0, 0.0, 0.0, 0.0]",1.6
France,43.647444,3.884251,FR4,,0.533811601,22.0,durum_wheat,wheat,Cropland,1,22,0.75,amf.fungi soc,POINT (3826971.338019493 2302203.74193492),9,33.0,16.0,16.0,50.0,33.0,50.0,16.0,33.0,0.0,33.0,"[33.0, 16.0, 33.0, 33.0, 0.0, 16.0, 33.0, 16.0, 50.0, 50.0]",28.0
France,47.131621,5.53161,FR15,1321,0.533811601,22.0,winter_wheat,wheat,Cropland,1,22,0.780701754,amf.fungi cover.crop soc,POINT (3981947.986524247 2678897.30389782),10,0.0,0.0,0.0,16.0,0.0,0.0,16.0,0.0,0.0,0.0,"[0.0, 0.0, 0.0, 0.0, 0.0, 0.0, 0.0, 16.0, 16.0, 0.0]",3.2
France,47.133361,5.45433,FR16,1306,0.635631719,44.0,winter_wheat,wheat,Cropland,2,22,0.745614035,amf.fungi cover.crop soc,POINT (3976103.95343569 2679446.914551737),11,0.0,0.0,0.0,16.0,0.0,0.0,16.0,0.0,33.0,16.0,"[0.0, 0.0, 0.0, 0.0, 33.0, 0.0, 16.0, 16.0, 16.0, 0.0]",8.1
France,47.133872,5.33897,FR17,1064,0.737451836,66.0,winter_wheat,wheat,Cropland,3,22,0.868421053,amf.fungi cover.crop soc,POINT (3967367.682400183 2680047.277415979),12,0.0,0.0,0.0,0.0,0.0,0.0,16.0,0.0,0.0,0.0,"[0.0, 0.0, 0.0, 0.0, 0.0, 0.0, 0.0, 16.0, 0.0, 0.0]",1.6
France,47.1357,5.53039,FR13,1411,0.905460352,90.0,winter_wheat,wheat,Cropland,6,15,0.622807018,amf.fungi cover.crop soc,POINT (3981881.970309126 2679355.344319614),13,0.0,16.0,16.0,0.0,0.0,0.0,0.0,0.0,16.0,0.0,"[0.0, 16.0, 0.0, 0.0, 16.0, 16.0, 0.0, 0.0, 0.0, 0.0]",4.8
France,47.135861,5.52108,FR14,,0.533811601,22.0,winter_wheat,wheat,Cropland,1,22,0.877192982,amf.fungi soc,POINT (3981177.6311521 2679415.849682782),14,16.0,33.0,33.0,16.0,16.0,33.0,33.0,50.0,33.0,33.0,"[50.0, 33.0, 16.0, 16.0, 33.0, 33.0, 33.0, 33.0, 16.0, 33.0]",29.6
France,47.143577,5.35308,FR18,1246,0.635631719,44.0,winter_wheat,wheat,Cropland,2,22,0.8545454549999999,amf.fungi cover.crop soc,POINT (3968501.970713577 2681056.439855664),15,0.0,0.0,0.0,0.0,0.0,0.0,0.0,0.0,0.0,0.0,"[0.0, 0.0, 0.0, 0.0, 0.0, 0.0, 0.0, 0.0, 0.0, 0.0]",0.0
France,47.232725,5.111105,FR24,,0.635631719,44.0,winter_wheat,wheat,Cropland,2,22,0.79787234,amf.fungi soc,POINT (3950808.461083218 2692123.502887542),16,0.0,16.0,33.0,33.0,16.0,16.0,33.0,50.0,16.0,16.0,"[50.0, 16.0, 0.0, 16.0, 16.0, 33.0, 16.0, 33.0, 33.0, 16.0]",22.9
France,47.235864,5.103856,FR23,,0.635631719,44.0,winter_wheat,wheat,Cropland,2,22,0.736842105,amf.fungi soc,POINT (3950282.775672704 2692507.861488632),17,16.0,16.0,16.0,50.0,33.0,16.0,16.0,50.0,33.0,16.0,"[50.0, 16.0, 16.0, 33.0, 33.0, 16.0, 16.0, 16.0, 50.0, 16.0]",26.2
France,47.240649,5.09639,FR22,,0.737451836,66.0,winter_wheat,wheat,Cropland,3,22,0.728070175,amf.fungi soc,POINT (3949752.471729755 2693075.894655211),18,33.0,16.0,50.0,33.0,16.0,33.0,16.0,16.0,16.0,33.0,"[16.0, 16.0, 33.0, 16.0, 16.0, 50.0, 33.0, 16.0, 33.0, 33.0]",26.2
France,47.243276,5.100211,FR21,,0.9410920699999999,110.0,winter_wheat,wheat,Cropland,5,22,0.625,amf.fungi soc,POINT (3950059.951671655 2693348.079894656),19,16.0,33.0,33.0,33.0,0.0,33.0,16.0,50.0,16.0,16.0,"[50.0, 33.0, 16.0, 0.0, 16.0, 33.0, 16.0, 16.0, 33.0, 33.0]",24.6
France,47.38979,4.774691,FR27,SC1,0.894539648,90.0,winter_wheat,wheat,,3,30,0.893617021,amf.fungi cover.crop,POINT (3926573.554646291 2711276.959610497),20,16.0,33.0,0.0,16.0,16.0,0.0,16.0,33.0,16.0,16.0,"[33.0, 33.0, 16.0, 16.0, 16.0, 0.0, 16.0, 16.0, 16.0, 0.0]",16.2
France,47.389958,4.774793,FR28,SC2,0.894539648,90.0,winter_wheat,wheat,,3,30,0.882978723,amf.fungi cover.crop,POINT (3926582.515295869 2711295.043815317),21,16.0,33.0,16.0,16.0,16.0,0.0,33.0,33.0,16.0,16.0,"[33.0, 33.0, 16.0, 16.0, 16.0, 16.0, 16.0, 33.0, 16.0, 0.0]",19.5
France,47.390044,4.774831,FR29,SC3,0.894539648,90.0,winter_wheat,wheat,,3,30,0.829787234,amf.fungi cover.crop,POINT (3926586.031373649 2711304.376937632),22,16.0,33.0,16.0,16.0,16.0,0.0,33.0,33.0,16.0,16.0,"[33.0, 33.0, 16.0, 16.0, 16.0, 16.0, 16.0, 33.0, 16.0, 0.0]",19.5
France,47.39015,4.774936,FR30,SC4,0.894539648,90.0,winter_wheat,wheat,,3,30,0.882978723,amf.fungi cover.crop,POINT (3926594.747104409 2711315.570701743),23,16.0,33.0,16.0,16.0,16.0,0.0,33.0,33.0,16.0,16.0,"[33.0, 33.0, 16.0, 16.0, 16.0, 16.0, 16.0, 33.0, 16.0, 0.0]",19.5
France,47.390289,4.775035,FR31,SC5,0.894539648,90.0,winter_wheat,wheat,,3,30,0.861702128,amf.fungi cover.crop,POINT (3926603.261387236 2711330.45544056),24,16.0,33.0,16.0,16.0,16.0,0.0,33.0,33.0,16.0,16.0,"[33.0, 33.0, 16.0, 16.0, 16.0, 16.0, 16.0, 33.0, 16.0, 0.0]",19.5
France,47.390386,4.775062,FR32,SC6,0.894539648,90.0,winter_wheat,wheat,,3,30,0.79787234,amf.fungi cover.crop,POINT (3926606.032225289 2711341.066841603),25,16.0,33.0,16.0,16.0,16.0,0.0,33.0,33.0,16.0,16.0,"[33.0, 33.0, 16.0, 16.0, 16.0, 16.0, 16.0, 33.0, 16.0, 0.0]",19.5
France,47.390526,4.775187,FR33,SC7,0.894539648,90.0,winter_wheat,wheat,,3,30,0.882978723,amf.fungi cover.crop,POINT (3926616.512867945 2711355.923973105),26,16.0,16.0,0.0,16.0,16.0,0.0,0.0,33.0,16.0,0.0,"[33.0, 16.0, 16.0, 16.0, 16.0, 0.0, 0.0, 0.0, 16.0, 0.0]",11.3
France,47.390616,4.77522,FR34,SC8,0.894539648,90.0,winter_wheat,wheat,,3,30,0.893617021,amf.fungi cover.crop,POINT (3926619.682552157 2711365.727267921),27,16.0,16.0,0.0,16.0,16.0,0.0,0.0,33.0,16.0,0.0,"[33.0, 16.0, 16.0, 16.0, 16.0, 0.0, 0.0, 0.0, 16.0, 0.0]",11.3
France,48.326813,2.382192,FR36,1312,0.596359766,40.0,winter_wheat,wheat,Cropland,2,20,0.873873874,amf.fungi cover.crop soc,POINT (3757017.910705774 2830619.98787731),28,0.0,16.0,16.0,0.0,16.0,16.0,0.0,16.0,0.0,0.0,"[16.0, 16.0, 0.0, 16.0, 0.0, 16.0, 0.0, 0.0, 0.0, 16.0]",8.0
France,48.327091,2.380599,FR37,1115,0.596359766,40.0,winter_wheat,barley,Cropland,2,20,0.845454545,amf.fungi cover.crop soc,POINT (3756903.564385959 2830662.936163224),29,16.0,33.0,16.0,16.0,0.0,33.0,33.0,33.0,16.0,0.0,"[33.0, 33.0, 16.0, 0.0, 16.0, 16.0, 0.0, 33.0, 16.0, 33.0]",19.6
Germany,48.01373,10.4564,CH61,Martin Tröbersberger,0.6429121880000001,48.0,Triticum_aestivum,wheat,,4,12,0.964912281,amf.fungi cover.crop,POINT (4355067.758361642 2766788.523813814),30,16.0,0.0,16.0,16.0,16.0,16.0,16.0,0.0,16.0,16.0,"[0.0, 0.0, 16.0, 16.0, 16.0, 16.0, 16.0, 16.0, 16.0, 16.0]",12.8
Germany,48.08642,10.41639,CH58,Christian Matthesius,0.674903672,48.0,Triticum_aestivum,wheat,,2,24,0.763157895,amf.fungi cover.crop,POINT (4352036.924635137 2774849.086125131),31,33.0,16.0,16.0,16.0,50.0,33.0,50.0,0.0,16.0,33.0,"[0.0, 16.0, 33.0, 50.0, 16.0, 16.0, 33.0, 50.0, 16.0, 33.0]",26.3
Germany,48.08834,10.45663,CH66,Diverse neighbour of Christian Matthesius,0.592719531,25.0,Triticum_aestivum,wheat,,1,25,0.946428571,amf.fungi cover.crop,POINT (4355035.011393865 2775080.183059481),32,0.0,0.0,0.0,0.0,0.0,0.0,0.0,0.0,0.0,0.0,"[0.0, 0.0, 0.0, 0.0, 0.0, 0.0, 0.0, 0.0, 0.0, 0.0]",0.0
Germany,48.09583,10.43752,CH68,Johann Stegmann,0.674903672,48.0,Triticum_aestivum,wheat,,2,24,0.75,amf.fungi cover.crop,POINT (4353605.859705498 2775903.959111055),33,0.0,0.0,0.0,16.0,0.0,16.0,0.0,0.0,0.0,0.0,"[0.0, 0.0, 0.0, 0.0, 0.0, 0.0, 0.0, 0.0, 16.0, 16.0]",3.2
Germany,48.11282,10.43511,CH60,Florian and Johannes Pfänder,0.901820117,100.0,Triticum_aestivum,wheat,,5,20,0.973684211,amf.fungi cover.crop,POINT (4353415.421303851 2777791.078356326),34,0.0,0.0,0.0,16.0,0.0,16.0,0.0,0.0,0.0,0.0,"[0.0, 0.0, 0.0, 0.0, 0.0, 0.0, 0.0, 0.0, 16.0, 16.0]",3.2
Germany,48.12433,10.4672,CH69,Hermann Schorer,0.439271953,24.0,Triticum_aestivum,wheat,,2,12,0.929824561,amf.fungi cover.crop,POINT (4355798.186303337 2779084.844182448),35,33.0,0.0,33.0,50.0,16.0,16.0,33.0,0.0,0.0,33.0,"[0.0, 0.0, 33.0, 16.0, 0.0, 33.0, 33.0, 33.0, 50.0, 16.0]",21.4
Germany,48.1594,10.7612,CH67,,,0.0,,,Cropland,0,28,0.936842105,soc,POINT (4377656.149581403 2783164.34998283),36,16.0,16.0,0.0,16.0,33.0,0.0,33.0,33.0,33.0,16.0,"[33.0, 16.0, 16.0, 33.0, 33.0, 0.0, 16.0, 33.0, 16.0, 0.0]",19.6
Germany,48.15971667,10.7292,CH68,,,48.0,,,Cropland,2,24,0.75,soc,POINT (4375274.140126366 2783175.514892766),37,50.0,16.0,0.0,33.0,33.0,33.0,16.0,16.0,16.0,16.0,"[16.0, 16.0, 50.0, 33.0, 16.0, 0.0, 16.0, 16.0, 33.0, 33.0]",22.9
Germany,48.1639,10.76105,CH66,,,25.0,,,Cropland,1,25,0.946428571,soc,POINT (4377639.96176509 2783664.340001009),38,33.0,16.0,0.0,33.0,33.0,16.0,33.0,33.0,0.0,33.0,"[33.0, 16.0, 33.0, 33.0, 0.0, 0.0, 33.0, 33.0, 33.0, 16.0]",23.0
Germany,48.19417,10.37494,CH59,Johann Ellenrieder,0.760728047,72.0,Triticum_aestivum,wheat,,4,18,0.771929825,amf.fungi cover.crop,POINT (4348888.10277259 2786807.55019963),39,0.0,0.0,0.0,0.0,0.0,0.0,0.0,0.0,0.0,0.0,"[0.0, 0.0, 0.0, 0.0, 0.0, 0.0, 0.0, 0.0, 0.0, 0.0]",0.0
Germany,48.20721667,10.77866667,CH69,,,24.0,,,Cropland,2,12,0.929824561,soc,POINT (4378901.508987721 2788492.021024861),40,0.0,16.0,0.0,16.0,16.0,33.0,16.0,16.0,0.0,16.0,"[16.0, 16.0, 0.0, 16.0, 0.0, 0.0, 16.0, 16.0, 16.0, 33.0]",12.9
Germany,48.36701,12.36538,CH70,Sebastian Dickow,0.694539648,50.0,Triticum_aestivum,wheat,,2,25,0.763157895,amf.fungi cover.crop,POINT (4496303.290239134 2808756.25949844),41,0.0,0.0,0.0,0.0,0.0,0.0,0.0,0.0,0.0,0.0,"[0.0, 0.0, 0.0, 0.0, 0.0, 0.0, 0.0, 0.0, 0.0, 0.0]",0.0
Germany,48.3742,12.49634,CH62,Hermann Brunner,1,125.0,Triticum_aestivum,wheat,,5,25,0.946428571,amf.fungi cover.crop,POINT (4505978.488709377 2809874.710009344),42,0.0,16.0,0.0,0.0,0.0,0.0,0.0,16.0,0.0,0.0,"[16.0, 16.0, 0.0, 0.0, 0.0, 0.0, 0.0, 0.0, 0.0, 0.0]",3.2
Germany,48.3854,12.47405,CH73,Sicheneder,0.753447578,56.0,Triticum_aestivum,wheat,,2,28,0.945945946,amf.fungi cover.crop,POINT (4504286.773716114 2811063.409091005),43,0.0,0.0,16.0,33.0,0.0,16.0,0.0,16.0,0.0,0.0,"[16.0, 0.0, 0.0, 0.0, 0.0, 16.0, 0.0, 0.0, 33.0, 16.0]",8.1
Germany,48.38563,12.50077,CH72,Karl Steinbeisser,0.851627461,66.0,Triticum_aestivum,wheat,,2,33,0.973684211,amf.fungi cover.crop,POINT (4506264.579704732 2811155.678222416),44,0.0,16.0,0.0,16.0,0.0,16.0,0.0,16.0,0.0,0.0,"[16.0, 16.0, 0.0, 0.0, 0.0, 0.0, 0.0, 0.0, 16.0, 16.0]",6.4
Germany,48.38677,12.50414,CH71,Ludwig Stangl,0.337451836,12.0,Triticum_aestivum,wheat,,1,12,0.774774775,amf.fungi cover.crop,POINT (4506509.93194549 2811290.795961976),45,33.0,16.0,16.0,50.0,33.0,50.0,33.0,16.0,16.0,33.0,"[16.0, 16.0, 33.0, 33.0, 16.0, 16.0, 33.0, 33.0, 50.0, 50.0]",29.6
Germany,48.38856,12.54012,CH64,Stefan und Adrian Jahrstorfer,0.9410920699999999,110.0,Triticum_aestivum,wheat,,5,22,0.964912281,amf.fungi cover.crop,POINT (4509167.491915496 2811580.749031363),46,0.0,0.0,0.0,16.0,0.0,16.0,0.0,16.0,0.0,0.0,"[16.0, 0.0, 0.0, 0.0, 0.0, 0.0, 0.0, 0.0, 16.0, 16.0]",4.8
Germany,48.39559,12.46736,CH63,Josef Wasmeier,0.855267695,84.0,Triticum_aestivum,wheat,,3,28,0.873873874,amf.fungi cover.crop,POINT (4503754.394004384 2812178.929502535),47,0.0,33.0,33.0,33.0,0.0,50.0,33.0,16.0,0.0,16.0,"[16.0, 33.0, 0.0, 0.0, 0.0, 33.0, 16.0, 33.0, 33.0, 50.0]",21.4
Germany,48.45122,12.49452,CH65,Apfelbeck,0.501820117,30.0,Triticum_aestivum,wheat,,3,10,0.810810811,amf.fungi cover.crop,POINT (4505561.092387022 2818427.091722388),48,0.0,0.0,0.0,16.0,0.0,16.0,0.0,0.0,0.0,0.0,"[0.0, 0.0, 0.0, 0.0, 0.0, 0.0, 0.0, 0.0, 16.0, 16.0]",3.2
Germany,48.61168333,12.60896667,CH70,,,50.0,,,Cropland,2,25,0.763157895,soc,POINT (4513408.081307137 2836547.542974178),49,33.0,16.0,33.0,0.0,16.0,16.0,16.0,16.0,0.0,0.0,"[16.0, 16.0, 33.0, 16.0, 0.0, 33.0, 0.0, 16.0, 0.0, 16.0]",14.6
Germany,48.64233333,12.79008333,CH73,,,56.0,,,Cropland,2,28,0.945945946,soc,POINT (4526632.054987812 2840441.624745768),50,16.0,16.0,0.0,16.0,33.0,33.0,0.0,16.0,16.0,16.0,"[16.0, 16.0, 16.0, 33.0, 16.0, 0.0, 16.0, 0.0, 16.0, 33.0]",16.2
Germany,48.64271667,12.83461667,CH72,,,66.0,,,Cropland,2,33,0.973684211,soc,POINT (4529910.764622145 2840609.397186504),51,0.0,16.0,0.0,0.0,16.0,16.0,33.0,33.0,16.0,0.0,"[33.0, 16.0, 0.0, 16.0, 16.0, 0.0, 0.0, 33.0, 0.0, 16.0]",13.0
Germany,48.64461667,12.84023333,CH71,,,12.0,,,Cropland,1,12,0.774774775,soc,POINT (4530316.519188319 2840836.407981527),52,33.0,16.0,33.0,33.0,16.0,16.0,0.0,16.0,16.0,16.0,"[16.0, 16.0, 33.0, 16.0, 16.0, 33.0, 16.0, 0.0, 33.0, 16.0]",19.5
Germany,48.9564,10.45672,CH67,Herr R. (biogas neighbour of Christian Matthesius),0.549807343,0.0,Triticum_aestivum,wheat,,0,28,0.936842105,amf.fungi cover.crop,POINT (4354457.804255353 2871569.105016887),53,0.0,0.0,0.0,33.0,0.0,16.0,0.0,0.0,0.0,16.0,"[0.0, 0.0, 0.0, 0.0, 0.0, 0.0, 16.0, 0.0, 33.0, 16.0]",6.5
Germany,53.323387,13.778924,GE67,BAQU072,0.694539648,50.0,Triticum_aestivum,wheat,Cropland,2,25,0.9473684209999998,amf.fungi cover.crop soc,POINT (4572697.937418719 3363817.272474876),54,0.0,0.0,0.0,16.0,16.0,16.0,16.0,33.0,0.0,33.0,"[33.0, 0.0, 0.0, 16.0, 0.0, 0.0, 33.0, 16.0, 16.0, 16.0]",13.0
Germany,53.336125,13.645535,GE64,BAGA162,0.694539648,50.0,Triticum_aestivum,wheat,Cropland,2,25,0.763157895,amf.fungi cover.crop soc,POINT (4563750.333140988 3364778.645569864),55,16.0,16.0,16.0,0.0,16.0,33.0,0.0,16.0,16.0,16.0,"[16.0, 16.0, 16.0, 16.0, 16.0, 16.0, 16.0, 0.0, 0.0, 33.0]",14.5
Germany,53.343158,13.79236,GE70,BAQU101,0.694539648,50.0,Triticum_aestivum,wheat,Cropland,2,25,1.0,amf.fungi cover.crop soc,POINT (4573475.716352623 3366061.53631098),56,0.0,16.0,16.0,16.0,16.0,33.0,16.0,16.0,0.0,0.0,"[16.0, 16.0, 0.0, 16.0, 0.0, 16.0, 0.0, 16.0, 16.0, 33.0]",12.9
Germany,53.350577,13.743945,GE58,BAAD021,0.694539648,50.0,Triticum_aestivum,wheat,Cropland,2,25,0.912280702,amf.fungi cover.crop soc,POINT (4570212.784344779 3366718.772223156),57,16.0,16.0,16.0,16.0,16.0,50.0,16.0,16.0,0.0,16.0,"[16.0, 16.0, 16.0, 16.0, 0.0, 16.0, 16.0, 16.0, 16.0, 50.0]",17.8
Germany,53.364539,13.721519,GE61,BABJ122,0.596359766,40.0,Triticum_aestivum,wheat,Cropland,2,20,0.99122807,amf.fungi cover.crop soc,POINT (4568640.996269372 3368193.923235636),58,0.0,16.0,33.0,33.0,16.0,16.0,16.0,16.0,16.0,16.0,"[16.0, 16.0, 0.0, 16.0, 16.0, 33.0, 16.0, 16.0, 33.0, 16.0]",17.8
Germany,54.31162,9.98116,GE13,Bockberg links,0.596359766,40.0,Triticum_aestivum,wheat,Cropland,2,20,0.850877193,amf.fungi cover.crop soc,POINT (4319773.49442613 3467235.316780958),59,16.0,33.0,16.0,33.0,33.0,16.0,33.0,33.0,16.0,16.0,"[33.0, 33.0, 16.0, 33.0, 16.0, 16.0, 16.0, 33.0, 33.0, 16.0]",24.5
Germany,54.312005,9.976471,GE31,V68-3,0.792719531,60.0,Triticum_aestivum,wheat,Cropland,2,30,0.8157894740000001,amf.fungi cover.crop soc,POINT (4319468.249350142 3467278.250254099),60,0.0,0.0,0.0,0.0,0.0,0.0,0.0,0.0,0.0,0.0,"[0.0, 0.0, 0.0, 0.0, 0.0, 0.0, 0.0, 0.0, 0.0, 0.0]",0.0
Germany,54.312008,9.976011,GE34,V68-4,0.792719531,60.0,Triticum_aestivum,wheat,Cropland,2,30,0.850877193,amf.fungi cover.crop soc,POINT (4319438.303214812 3467278.593941761),61,0.0,0.0,0.0,0.0,0.0,0.0,0.0,16.0,0.0,0.0,"[16.0, 0.0, 0.0, 0.0, 0.0, 0.0, 0.0, 0.0, 0.0, 0.0]",1.6
Germany,54.312146,9.975575,GE37,V68-5,0.792719531,60.0,Triticum_aestivum,wheat,Cropland,2,30,0.850877193,amf.fungi cover.crop soc,POINT (4319409.92465894 3467293.960532482),62,0.0,0.0,0.0,0.0,0.0,0.0,0.0,0.0,0.0,0.0,"[0.0, 0.0, 0.0, 0.0, 0.0, 0.0, 0.0, 0.0, 0.0, 0.0]",0.0
Germany,54.312154,9.979049,GE16,Bockberg rechts,0.792719531,60.0,Triticum_aestivum,wheat,Cropland,2,30,0.903508772,amf.fungi cover.crop soc,POINT (4319636.083428634 3467294.779850669),63,16.0,16.0,16.0,16.0,33.0,0.0,16.0,16.0,16.0,33.0,"[16.0, 16.0, 16.0, 33.0, 16.0, 16.0, 33.0, 16.0, 16.0, 0.0]",17.8
Germany,54.313605,9.997345,GE22,Hint. Hüttenkrog,0.596359766,40.0,Triticum_aestivum,wheat,Cropland,2,20,0.912280702,amf.fungi cover.crop soc,POINT (4320827.164708515 3467456.057485037),64,0.0,0.0,16.0,0.0,0.0,33.0,0.0,16.0,0.0,0.0,"[16.0, 0.0, 0.0, 0.0, 0.0, 16.0, 0.0, 0.0, 0.0, 33.0]",6.5
Germany,54.315818,9.986797,GE28,Vord. Hüttenkrog,0.792719531,60.0,Triticum_aestivum,wheat,Cropland,2,30,0.885964912,amf.fungi cover.crop soc,POINT (4320140.556351803 3467702.40261836),65,0.0,0.0,0.0,0.0,0.0,16.0,33.0,0.0,0.0,0.0,"[0.0, 0.0, 0.0, 0.0, 0.0, 0.0, 0.0, 33.0, 0.0, 16.0]",4.9
Germany,54.31663,9.998858,GE19,Fegefeuer,0.596359766,40.0,Triticum_aestivum,wheat,Cropland,2,20,0.885964912,amf.fungi cover.crop soc,POINT (4320925.663448925 3467792.686758257),66,16.0,0.0,16.0,16.0,16.0,0.0,16.0,0.0,16.0,16.0,"[0.0, 0.0, 16.0, 16.0, 16.0, 16.0, 16.0, 16.0, 16.0, 0.0]",11.2
Germany,54.318436,9.990228,GE25,Nordtrasse,0.596359766,40.0,Triticum_aestivum,wheat,Cropland,2,20,0.877192982,amf.fungi cover.crop soc,POINT (4320363.93588495 3467993.70669625),67,33.0,0.0,16.0,16.0,16.0,16.0,33.0,16.0,0.0,16.0,"[16.0, 0.0, 33.0, 16.0, 0.0, 16.0, 16.0, 33.0, 16.0, 16.0]",16.2
Spain,37.40317,-5.588811,SP6,IFAPA - El Tomejil,0.396359766,15.0,Triticum_durum,wheat,Cropland,1,15,0.394736842,amf.fungi cover.crop soc,POINT (2940640.538940343 1733099.517887056),68,83.0,50.0,50.0,66.0,66.0,100.0,83.0,50.0,66.0,66.0,"[50.0, 50.0, 83.0, 66.0, 66.0, 50.0, 66.0, 83.0, 66.0, 100.0]",68.0
Spain,37.4133,-5.584381,SP5,IFAPA - El Tomejil,0.396359766,15.0,Triticum_durum,wheat,Cropland,1,15,0.412280702,amf.fungi cover.crop soc,POINT (2941228.824282717 1734119.596552928),69,66.0,66.0,83.0,66.0,66.0,66.0,83.0,100.0,83.0,66.0,"[100.0, 66.0, 66.0, 66.0, 83.0, 83.0, 66.0, 83.0, 66.0, 66.0]",74.5
Spain,37.64241,-5.28839,SP2,Guzman,0.596359766,40.0,Triticum_aestivum,wheat,Cropland,2,20,0.575757576,amf.fungi cover.crop soc,POINT (2971530.323057722 1753721.960041883),70,66.0,66.0,83.0,50.0,66.0,66.0,66.0,83.0,33.0,66.0,"[83.0, 66.0, 66.0, 66.0, 33.0, 83.0, 66.0, 66.0, 50.0, 66.0]",64.5
Spain,37.65983,-5.282124,SP3,Guzman,0.596359766,40.0,Triticum_aestivum,wheat,Cropland,2,20,0.545454545,amf.fungi cover.crop soc,POINT (2972417.114739647 1755504.443636029),71,83.0,66.0,66.0,83.0,83.0,50.0,50.0,83.0,50.0,100.0,"[83.0, 66.0, 83.0, 83.0, 50.0, 66.0, 100.0, 50.0, 83.0, 50.0]",71.4
Spain,40.05793,-4.416149,SP9,La Higueruela 1,0.635631719,44.0,Hordeum_vulgare,barley,Cropland,2,22,0.6929824559999999,amf.fungi cover.crop soc,POINT (3092934.06217223 2001925.533349712),72,66.0,66.0,83.0,66.0,50.0,50.0,50.0,66.0,50.0,50.0,"[66.0, 66.0, 66.0, 50.0, 50.0, 83.0, 50.0, 50.0, 66.0, 50.0]",59.7
Spain,40.05874,-4.416166,SP8,La Higueruela 1,0.537451836,34.0,Hordeum_vulgare,barley,Cropland,2,17,0.49122807,amf.fungi cover.crop soc,POINT (3092948.124571354 2002014.146817077),73,50.0,66.0,66.0,66.0,50.0,66.0,50.0,66.0,66.0,50.0,"[66.0, 66.0, 50.0, 50.0, 66.0, 66.0, 50.0, 50.0, 66.0, 66.0]",59.6
Spain,40.06371,-4.420127,SP11,La Higueruela 2,0.753447578,56.0,Hordeum_vulgare,barley,Cropland,2,28,0.570175439,amf.fungi cover.crop soc,POINT (3092710.386399938 2002620.40009917),74,66.0,66.0,83.0,66.0,66.0,50.0,50.0,66.0,66.0,50.0,"[66.0, 66.0, 66.0, 66.0, 66.0, 83.0, 50.0, 50.0, 66.0, 50.0]",62.9
Spain,40.0639,-4.420142,SP12,La Higueruela 2,0.753447578,56.0,Hordeum_vulgare,barley,Cropland,2,28,0.6929824559999999,amf.fungi cover.crop soc,POINT (3092712.761058133 2002641.364516382),75,66.0,66.0,83.0,66.0,66.0,50.0,50.0,66.0,66.0,50.0,"[66.0, 66.0, 66.0, 66.0, 66.0, 83.0, 50.0, 50.0, 66.0, 50.0]",62.9
Spain,40.06727,-3.547293,SP23,La Chimenea,0.596359766,40.0,Hordeum_vulgare,barley,Cropland,2,20,0.622807018,amf.fungi cover.crop soc,POINT (3166196.998912072 1989279.894121265),76,83.0,66.0,66.0,83.0,66.0,83.0,83.0,83.0,50.0,50.0,"[83.0, 66.0, 83.0, 66.0, 50.0, 66.0, 50.0, 83.0, 83.0, 83.0]",71.3
Spain,40.06759,-3.542605,SP24,La Chimenea,0.694539648,50.0,Triticum_aestivum,barley,Cropland,2,25,0.596491228,amf.fungi cover.crop soc,POINT (3166597.55971519 1989243.408934292),77,66.0,83.0,100.0,83.0,83.0,100.0,100.0,100.0,83.0,100.0,"[100.0, 83.0, 66.0, 83.0, 83.0, 100.0, 100.0, 100.0, 83.0, 100.0]",89.8
Spain,40.51566,-3.309169,SP21,La canaleja,0.694539648,50.0,Triticum_aestivum,wheat,Cropland,2,25,0.763157895,amf.fungi cover.crop soc,POINT (3194201.190202523 2034685.134448711),78,100.0,100.0,100.0,83.0,66.0,100.0,66.0,66.0,83.0,83.0,"[66.0, 100.0, 100.0, 66.0, 83.0, 100.0, 83.0, 66.0, 83.0, 100.0]",84.7
Spain,40.51571,-3.309145,SP20,La canaleja,0.694539648,50.0,Triticum_aestivum,wheat,Cropland,2,25,0.535087719,amf.fungi cover.crop soc,POINT (3194204.086794504 2034690.242240764),79,100.0,100.0,100.0,83.0,66.0,100.0,66.0,66.0,83.0,83.0,"[66.0, 100.0, 100.0, 66.0, 83.0, 100.0, 83.0, 66.0, 83.0, 100.0]",84.7
Spain,40.52339,-3.30303,SP18,Imidra,0.8908994139999999,70.0,Triticum_aestivum,wheat,Cropland,2,35,0.543859649,amf.fungi cover.crop soc,POINT (3194852.167323648 2035438.660851447),80,100.0,100.0,100.0,83.0,100.0,100.0,100.0,83.0,100.0,83.0,"[83.0, 100.0, 100.0, 100.0, 100.0, 100.0, 83.0, 100.0, 83.0, 100.0]",94.9
Spain,40.52452,-3.300993,SP17,Imidra,0.8908994139999999,70.0,Triticum_aestivum,wheat,Cropland,2,35,0.48245614,amf.fungi cover.crop soc,POINT (3195042.664868372 2035531.858743723),81,83.0,66.0,100.0,66.0,66.0,66.0,66.0,66.0,50.0,83.0,"[66.0, 66.0, 83.0, 66.0, 50.0, 100.0, 83.0, 66.0, 66.0, 66.0]",71.2
Spain,40.98531,-5.125259,SP27,Ragama,0.8908994139999999,70.0,Hordeum_vulgare,barley,Cropland,2,35,0.6842105259999999,amf.fungi cover.crop soc,POINT (3052126.449065866 2114743.774530629),82,16.0,16.0,66.0,50.0,33.0,33.0,33.0,16.0,66.0,0.0,"[16.0, 16.0, 16.0, 33.0, 66.0, 66.0, 0.0, 33.0, 50.0, 33.0]",32.9
Spain,40.99853,-5.121391,SP26,Ragama,0.8908994139999999,70.0,Hordeum_vulgare,barley,Cropland,2,35,0.614035088,amf.fungi cover.crop soc,POINT (3052714.316325873 2116119.54322007),83,33.0,33.0,33.0,33.0,33.0,33.0,50.0,33.0,33.0,33.0,"[33.0, 33.0, 33.0, 33.0, 33.0, 33.0, 33.0, 50.0, 33.0, 33.0]",34.7
Spain,41.51923,-4.463892,SP15,Montemayor de Pililla,0.694539648,50.0,Hordeum_vulgare,barley,Cropland,2,25,0.6842105259999999,amf.fungi cover.crop soc,POINT (3117224.147181994 2162136.501280552),84,83.0,100.0,83.0,83.0,83.0,66.0,83.0,66.0,83.0,83.0,"[66.0, 100.0, 83.0, 83.0, 83.0, 83.0, 83.0, 83.0, 83.0, 66.0]",81.3
Spain,41.54509,-4.464584,SP14,Montemayor de Pililla,0.694539648,50.0,Hordeum_vulgare,barley,Cropland,2,25,0.666666667,amf.fungi cover.crop soc,POINT (3117672.936968455 2164970.401406696),85,66.0,33.0,66.0,66.0,16.0,66.0,33.0,50.0,50.0,50.0,"[50.0, 33.0, 66.0, 16.0, 50.0, 66.0, 50.0, 33.0, 66.0, 66.0]",49.6
Spain,41.65816571,2.329518782,SP32,Vallés,0.592719531,25.0,Triticum_aestivum,wheat,Cropland,1,25,0.948275862,amf.fungi cover.crop soc,POINT (3680867.891968604 2094303.076300394),86,33.0,33.0,16.0,0.0,0.0,16.0,0.0,0.0,0.0,16.0,"[0.0, 33.0, 33.0, 0.0, 0.0, 16.0, 16.0, 0.0, 0.0, 16.0]",11.4
Spain,41.65832,2.319836689,SP33,Vallés,0.631991484,27.0,Triticum_aestivum,wheat,Cropland,1,27,0.763157895,amf.fungi cover.crop soc,POINT (3680064.644082093 2094402.220455646),87,16.0,16.0,16.0,0.0,0.0,16.0,16.0,33.0,16.0,16.0,"[33.0, 16.0, 16.0, 0.0, 16.0, 16.0, 16.0, 16.0, 0.0, 16.0]",14.5
Spain,41.74491,1.511196403,SP30,Calaf,0,0.0,Hordeum_vulgare,barley,Cropland,0,0,0.780701754,amf.fungi cover.crop soc,POINT (3613885.156465609 2111163.845555123),88,50.0,66.0,66.0,66.0,50.0,33.0,50.0,50.0,33.0,50.0,"[50.0, 66.0, 50.0, 50.0, 33.0, 66.0, 50.0, 50.0, 66.0, 33.0]",51.4
Spain,41.74506,1.511950509,SP29,Calaf,0,0.0,Hordeum_vulgare,barley,Cropland,0,0,0.771929825,amf.fungi cover.crop soc,POINT (3613949.402174118 2111173.300583311),89,50.0,33.0,66.0,66.0,16.0,33.0,50.0,50.0,33.0,50.0,"[50.0, 33.0, 50.0, 16.0, 33.0, 66.0, 50.0, 50.0, 66.0, 33.0]",44.7
Sweden,55.66917,13.1027,SW28 SW29,SeLoL1,0.592719531 0.596359766,34.0,wheat barley,wheat barley,Cropland,1.0 2.0,25.0 20.0,0.5333333334,amf.fungi cover.crop soc,POINT (4516279.768194519 3622510.497832405),90,66.0,66.0,33.0,33.0,50.0,33.0,33.0,66.0,33.0,50.0,"[66.0, 66.0, 66.0, 50.0, 33.0, 33.0, 50.0, 33.0, 33.0, 33.0]",46.3
Sweden,58.347769,13.126463,SW15 SW16 SW17 SW18 SW19 SW20 SW21 SW22 SW23 SW24 SW25 SW26,SeLaH1 SeLaH2 SeLaH3 SeLaH4 SeLaH5 SeLaH6 SeLaH7 SeLaH8 SeLaH9 SeLaH10 SeLaH11 SeLaL1,0.596359766 0.592719531 0.694539648,30.83333333333333,barley barley/grass_ley wheat oat,barley wheat oat,,2.0 1.0,20.0 25.0,0.6922514618333334,amf.fungi cover.crop,POINT (4504315.524082573 3920287.679652667),91,0.0,0.0,16.0,0.0,0.0,0.0,0.0,0.0,0.0,0.0,"[0.0, 0.0, 0.0, 0.0, 0.0, 16.0, 0.0, 0.0, 0.0, 0.0]",1.6
Sweden,59.832631,17.698857,SW1 SW2 SW3 SW4 SW5 SW6 SW7 SW8 SW9 SW10 SW11 SW12 SW13,SeSaH1 SeSaH2 SeSaH3 SeSaH4 SeSaH5 SeSaH6 SeSaH7 SeSaH8 SeSaH9 SeSaH10 SeSaH11 SeSaH12 SeSaL1,0.596359766 0.592719531,27.307692307692307,barley wheat oat,barley wheat oat,Cropland,2.0 1.0,20.0 25.0,0.6288798919230769,amf.fungi cover.crop soc,POINT (4752842.704985146 4104792.242243198),92,0.0,16.0,16.0,50.0,16.0,50.0,50.0,50.0,33.0,33.0,"[50.0, 16.0, 0.0, 16.0, 33.0, 16.0, 33.0, 50.0, 50.0, 50.0]",31.4
Switzerland,46.3987,6.233016,CH55 CH57,,0.898179883 0.796359766,87.5,,wheat,Cropland,4.0 3.0,25,0.912280702,amf.fungi soc,POINT (4031126.336471037 2594623.445985301),94,0.0,0.0,0.0,0.0,0.0,0.0,0.0,0.0,0.0,0.0,"[0.0, 0.0, 0.0, 0.0, 0.0, 0.0, 0.0, 0.0, 0.0, 0.0]",0.0
Switzerland,47.10017,8.18855,CH28,Stefan Elmiger,0.596359766,40.0,Triticum_aestivum,wheat,,2,20,0.892857143,amf.fungi cover.crop,POINT (4183388.744534445 2666861.456205664),95,0.0,0.0,0.0,16.0,0.0,0.0,0.0,0.0,0.0,0.0,"[0.0, 0.0, 0.0, 0.0, 0.0, 0.0, 0.0, 0.0, 16.0, 0.0]",1.6
Switzerland,47.10571,8.19356,CH31,Jules Rüttimann,0.298179883,10.0,Triticum_aestivum,wheat,,1,10,0.947368421,amf.fungi cover.crop,POINT (4183783.760548369 2667467.417772497),96,0.0,0.0,0.0,16.0,0.0,0.0,0.0,0.0,0.0,0.0,"[0.0, 0.0, 0.0, 0.0, 0.0, 0.0, 0.0, 0.0, 16.0, 0.0]",1.6
Switzerland,47.10862,8.17254,CH21,Marbot (Kosterhof),0.760728047,72.0,Triticum_aestivum,wheat,,4,18,1.0,amf.fungi cover.crop,POINT (4182195.168570849 2667829.720449711),97,0.0,0.0,0.0,16.0,0.0,0.0,0.0,0.0,0.0,0.0,"[0.0, 0.0, 0.0, 0.0, 0.0, 0.0, 0.0, 0.0, 16.0, 0.0]",1.6
Switzerland,47.1121,8.17744,CH24,Erwin Renggli,0.698179883,60.0,Triticum_aestivum,wheat,,3,20,1.0,amf.fungi cover.crop,POINT (4182576.456175801 2668207.031763211),98,0.0,0.0,0.0,0.0,0.0,0.0,0.0,0.0,0.0,0.0,"[0.0, 0.0, 0.0, 0.0, 0.0, 0.0, 0.0, 0.0, 0.0, 0.0]",0.0
Switzerland,47.16695,8.31425,CH28,,,40.0,,,Cropland,2,20,0.892857143,soc,POINT (4193099.126667791 2674052.86744661),99,0.0,0.0,0.0,0.0,0.0,0.0,0.0,0.0,0.0,0.0,"[0.0, 0.0, 0.0, 0.0, 0.0, 0.0, 0.0, 0.0, 0.0, 0.0]",0.0
Switzerland,47.16714,8.3826,CH1,Adrian Haggemacher,0.596359766,40.0,Triticum_aestivum,wheat,,2,20,0.912280702,amf.fungi cover.crop,POINT (4198284.447348953 2673958.416678448),100,0.0,0.0,0.0,0.0,0.0,0.0,0.0,0.0,0.0,0.0,"[0.0, 0.0, 0.0, 0.0, 0.0, 0.0, 0.0, 0.0, 0.0, 0.0]",0.0
Switzerland,47.17618333,8.3226,CH31,,,10.0,,,Cropland,1,10,0.947368421,soc,POINT (4193754.998404872 2675063.97760665),101,0.0,0.0,0.0,0.0,0.0,0.0,0.0,0.0,0.0,0.0,"[0.0, 0.0, 0.0, 0.0, 0.0, 0.0, 0.0, 0.0, 0.0, 0.0]",0.0
Switzerland,47.18377,8.43757,CH12,Heinz u. Barbara Kunz,1,125.0,Triticum_aestivum,wheat,,5,25,0.890909091,amf.fungi cover.crop,POINT (4202492.110118876 2675715.987678164),102,16.0,16.0,16.0,0.0,16.0,0.0,0.0,16.0,33.0,0.0,"[16.0, 16.0, 16.0, 16.0, 33.0, 16.0, 0.0, 0.0, 0.0, 0.0]",11.3
Switzerland,47.18777,8.42846,CH19,Silvio Fürst,0.635631719,44.0,Triticum_aestivum,wheat,,2,22,1.0,amf.fungi cover.crop,POINT (4201810.368982974 2676174.863583189),103,0.0,0.0,0.0,0.0,0.0,0.0,0.0,0.0,0.0,0.0,"[0.0, 0.0, 0.0, 0.0, 0.0, 0.0, 0.0, 0.0, 0.0, 0.0]",0.0
Switzerland,47.19244,8.38031,CH4,Marcel Bühler,0.596359766,40.0,Triticum_aestivum,wheat,,2,20,0.964912281,amf.fungi cover.crop,POINT (4198170.17921096 2676772.160078992),104,0.0,0.0,0.0,0.0,0.0,0.0,0.0,0.0,0.0,0.0,"[0.0, 0.0, 0.0, 0.0, 0.0, 0.0, 0.0, 0.0, 0.0, 0.0]",0.0
Switzerland,47.19478,8.38354,CH9,,0.6392719529999999,51.0,Triticum_aestivum,wheat,,3,17,0.947368421,amf.fungi,POINT (4198420.571205377 2677026.706907138),105,0.0,0.0,0.0,0.0,0.0,0.0,0.0,0.0,0.0,0.0,"[0.0, 0.0, 0.0, 0.0, 0.0, 0.0, 0.0, 0.0, 0.0, 0.0]",0.0
Switzerland,47.19723,8.45037,CH54,Markus Huber,0.635631719,44.0,Triticum_aestivum,wheat,,2,22,0.973684211,amf.fungi cover.crop,POINT (4203493.07036352 2677190.574728526),106,0.0,0.0,0.0,0.0,0.0,0.0,0.0,0.0,0.0,16.0,"[0.0, 0.0, 0.0, 0.0, 0.0, 0.0, 16.0, 0.0, 0.0, 0.0]",1.6
Switzerland,47.22232,8.04144,CH27,Thomas Baumann,0.596359766,40.0,Triticum_aestivum,wheat,,2,20,1.0,amf.fungi cover.crop,POINT (4172563.019017188 2680710.901509806),107,0.0,0.0,16.0,16.0,16.0,0.0,0.0,0.0,16.0,16.0,"[0.0, 0.0, 0.0, 16.0, 16.0, 16.0, 16.0, 0.0, 16.0, 0.0]",8.0
Switzerland,47.23418,8.14152,CH40,Markus Wietlisbach,0.498179883,30.0,Triticum_aestivum,wheat,,2,15,0.899082569,amf.fungi cover.crop,POINT (4180178.089269854 2681832.742716557),108,0.0,0.0,16.0,16.0,16.0,0.0,0.0,0.0,16.0,16.0,"[0.0, 0.0, 0.0, 16.0, 16.0, 16.0, 16.0, 0.0, 16.0, 0.0]",8.0
Switzerland,47.23487,8.11861,CH34,Hansjörg Salm,0.596359766,40.0,Triticum_aestivum,wheat,,2,20,0.776785714,amf.fungi cover.crop,POINT (4178444.447192341 2681953.180729101),109,0.0,0.0,16.0,16.0,16.0,0.0,0.0,0.0,16.0,16.0,"[0.0, 0.0, 0.0, 16.0, 16.0, 16.0, 16.0, 0.0, 16.0, 0.0]",8.0
Switzerland,47.2351,8.11843,CH30,Lukas Häusler,0.6,45.0,Triticum_aestivum,wheat,,3,15,0.972727273,amf.fungi cover.crop,POINT (4178431.439889478 2681979.071059668),110,0.0,0.0,16.0,16.0,16.0,0.0,0.0,0.0,16.0,16.0,"[0.0, 0.0, 0.0, 16.0, 16.0, 16.0, 16.0, 0.0, 16.0, 0.0]",8.0
Switzerland,47.23526,8.35532,CH51,Peter Nussbaum,0.74109207,68.0,Triticum_aestivum,wheat,,4,17,0.99122807,amf.fungi cover.crop,POINT (4196377.612086121 2681569.763193753),111,0.0,0.0,0.0,0.0,0.0,0.0,0.0,0.0,0.0,0.0,"[0.0, 0.0, 0.0, 0.0, 0.0, 0.0, 0.0, 0.0, 0.0, 0.0]",0.0
Switzerland,47.23681,8.13711,CH37,Michael u. Markus Suter,0.635631719,44.0,Triticum_aestivum,wheat,,2,22,0.892857143,amf.fungi cover.crop,POINT (4179851.124471926 2682133.225340857),112,0.0,0.0,0.0,16.0,0.0,0.0,0.0,0.0,0.0,0.0,"[0.0, 0.0, 0.0, 0.0, 0.0, 0.0, 0.0, 0.0, 16.0, 0.0]",1.6
Switzerland,47.23968,8.34712,CH48,,0.74109207,68.0,Triticum_aestivum,wheat,,4,17,0.964912281,amf.fungi,POINT (4195766.996318341 2682074.506876348),113,0.0,0.0,0.0,16.0,0.0,0.0,0.0,0.0,0.0,0.0,"[0.0, 0.0, 0.0, 0.0, 0.0, 0.0, 0.0, 0.0, 16.0, 0.0]",1.6
Switzerland,47.24805,8.6891,CH36,Stefan Vögeli,0.6392719529999999,51.0,Triticum_aestivum,wheat,,3,17,0.974358974,amf.fungi cover.crop,POINT (4221690.070184025 2682486.045542305),114,33.0,33.0,50.0,50.0,33.0,33.0,66.0,50.0,50.0,66.0,"[50.0, 33.0, 33.0, 33.0, 50.0, 50.0, 66.0, 66.0, 50.0, 33.0]",46.4
Switzerland,47.2503,8.1058,CH42,Alois Huber,0.8,80.0,Triticum_aestivum,wheat,,4,20,1.0,amf.fungi cover.crop,POINT (4177516.486880843 2683691.580496162),115,0.0,0.0,33.0,16.0,0.0,0.0,0.0,0.0,0.0,0.0,"[0.0, 0.0, 0.0, 0.0, 0.0, 33.0, 0.0, 0.0, 16.0, 0.0]",4.9
Switzerland,47.25326,8.869,CH49,,0.596359766,40.0,,wheat,,2,20,0.912280702,amf.fungi,POINT (4235326.01277195 2682840.212522727),116,0.0,0.0,0.0,16.0,0.0,16.0,0.0,16.0,0.0,0.0,"[16.0, 0.0, 0.0, 0.0, 0.0, 0.0, 0.0, 0.0, 16.0, 16.0]",4.8
Switzerland,47.25465,8.1538,CH39,André Meyer,0.8,80.0,Triticum_aestivum,wheat,,4,20,0.892156863,amf.fungi cover.crop,POINT (4181163.220249508 2684082.934836894),117,0.0,0.0,16.0,33.0,16.0,0.0,0.0,0.0,16.0,16.0,"[0.0, 0.0, 0.0, 16.0, 16.0, 16.0, 16.0, 0.0, 33.0, 0.0]",9.7
Switzerland,47.25673,8.12742,CH45,Django Hegglin,0.803640234,75.0,Triticum_aestivum,wheat,,5,15,1.0,amf.fungi cover.crop,POINT (4179171.257947188 2684364.085134991),118,0.0,0.0,0.0,0.0,0.0,0.0,0.0,0.0,0.0,0.0,"[0.0, 0.0, 0.0, 0.0, 0.0, 0.0, 0.0, 0.0, 0.0, 0.0]",0.0
Switzerland,47.2599,8.2409,CH52,Bühler-Lamprecht,0.596359766,40.0,Triticum_aestivum,wheat,,2,20,0.877192982,amf.fungi cover.crop,POINT (4187772.393394131 2684505.531175079),119,0.0,0.0,0.0,0.0,0.0,0.0,0.0,0.0,0.0,0.0,"[0.0, 0.0, 0.0, 0.0, 0.0, 0.0, 0.0, 0.0, 0.0, 0.0]",0.0
Switzerland,47.26514,8.29628,CH7,Hans u. Mathias Frei,0.694539648,50.0,Triticum_aestivum,wheat,,2,25,0.912280702,amf.fungi cover.crop,POINT (4191978.769283758 2684989.517543277),120,0.0,0.0,0.0,0.0,0.0,0.0,0.0,0.0,0.0,0.0,"[0.0, 0.0, 0.0, 0.0, 0.0, 0.0, 0.0, 0.0, 0.0, 0.0]",0.0
Switzerland,47.26919,8.16119,CH43,Thomas Huwiler,0.655267695,46.0,Triticum_aestivum,wheat,,2,23,0.947368421,amf.fungi cover.crop,POINT (4181761.651674947 2685683.884254889),121,0.0,0.0,0.0,33.0,0.0,0.0,16.0,0.0,0.0,0.0,"[0.0, 0.0, 0.0, 0.0, 0.0, 0.0, 0.0, 16.0, 33.0, 0.0]",4.9
Switzerland,47.27135,8.16309,CH46,Thomas Huwiler,0.655267695,46.0,Triticum_aestivum,wheat,,2,23,1.0,amf.fungi cover.crop,POINT (4181911.251543256 2685920.214566122),122,0.0,0.0,0.0,16.0,0.0,0.0,0.0,16.0,0.0,16.0,"[16.0, 0.0, 0.0, 0.0, 0.0, 0.0, 16.0, 0.0, 16.0, 0.0]",4.8
Switzerland,47.2728,8.30359,CH33,Stüssi Samuel,0.8072804689999999,60.0,Triticum_aestivum,wheat,,6,10,0.99122807,amf.fungi cover.crop,POINT (4192551.108496745 2685827.598837956),123,0.0,0.0,33.0,16.0,16.0,0.0,0.0,0.0,16.0,16.0,"[0.0, 0.0, 0.0, 16.0, 16.0, 33.0, 16.0, 0.0, 16.0, 0.0]",9.7
Switzerland,47.27454,8.27622,CH10,Daniel Frei,0.557087812,36.0,Triticum_aestivum,wheat,,2,18,0.936936937,amf.fungi cover.crop,POINT (4190483.485424914 2686068.688715023),124,0.0,0.0,0.0,16.0,16.0,0.0,0.0,0.0,0.0,0.0,"[0.0, 0.0, 0.0, 16.0, 0.0, 0.0, 0.0, 0.0, 16.0, 0.0]",3.2
Switzerland,47.27856667,8.637666667,CH1,,,40.0,,,Cropland,2,20,0.912280702,soc,POINT (4217854.494880727 2685946.002559585),125,0.0,0.0,0.0,0.0,0.0,0.0,0.0,0.0,0.0,0.0,"[0.0, 0.0, 0.0, 0.0, 0.0, 0.0, 0.0, 0.0, 0.0, 0.0]",0.0
Switzerland,47.31295,8.7141,CH19,,,44.0,,,Cropland,2,22,1.0,soc,POINT (4223704.986466286 2689661.86977832),126,0.0,0.0,16.0,16.0,33.0,16.0,0.0,16.0,16.0,16.0,"[16.0, 0.0, 0.0, 33.0, 16.0, 16.0, 16.0, 0.0, 16.0, 16.0]",12.9
Switzerland,47.31341,9.4942,CH3,Kurt Schöni,0.6392719529999999,51.0,Triticum_aestivum,wheat,,3,17,0.885964912,amf.fungi cover.crop,POINT (4282728.147898936 2688999.214016741),127,0.0,0.0,0.0,0.0,0.0,0.0,0.0,0.0,0.0,0.0,"[0.0, 0.0, 0.0, 0.0, 0.0, 0.0, 0.0, 0.0, 0.0, 0.0]",0.0
Switzerland,47.31384,9.4944,CH6,Martin Greminger,0.74109207,68.0,Triticum_aestivum,wheat,,4,17,0.869565217,amf.fungi cover.crop,POINT (4282743.596714963 2689046.880209639),128,0.0,0.0,0.0,0.0,0.0,0.0,0.0,0.0,0.0,0.0,"[0.0, 0.0, 0.0, 0.0, 0.0, 0.0, 0.0, 0.0, 0.0, 0.0]",0.0
Switzerland,47.31641,9.307,CH13,Konrad Anderes,0.596359766,40.0,Triticum_aestivum,wheat,,2,20,0.936363636,amf.fungi cover.crop,POINT (4268566.906551917 2689447.085685964),129,0.0,0.0,0.0,0.0,0.0,0.0,0.0,0.0,0.0,0.0,"[0.0, 0.0, 0.0, 0.0, 0.0, 0.0, 0.0, 0.0, 0.0, 0.0]",0.0
Switzerland,47.32073333,8.63385,CH4,,,40.0,,,Cropland,2,20,0.964912281,soc,POINT (4217649.247893197 2690635.116496288),130,0.0,0.0,0.0,16.0,16.0,16.0,16.0,0.0,16.0,33.0,"[0.0, 0.0, 0.0, 16.0, 16.0, 0.0, 33.0, 16.0, 16.0, 16.0]",11.3
Switzerland,47.32712,9.4002,CH16,Brigitte Schwarz,0.733811601,54.0,Triticum_aestivum,wheat,,2,27,0.833333333,amf.fungi cover.crop,POINT (4275627.658968827 2690575.348613111),131,0.0,0.0,0.0,16.0,0.0,16.0,0.0,0.0,0.0,0.0,"[0.0, 0.0, 0.0, 0.0, 0.0, 0.0, 0.0, 0.0, 16.0, 16.0]",3.2
Switzerland,47.3903,8.235866667,CH40,,,30.0,,,Cropland,2,15,0.899082569,soc,POINT (4187725.543591443 2698998.064240784),132,0.0,0.0,0.0,0.0,0.0,0.0,0.0,0.0,0.0,0.0,"[0.0, 0.0, 0.0, 0.0, 0.0, 0.0, 0.0, 0.0, 0.0, 0.0]",0.0
Switzerland,47.39145,8.197683333,CH34,,,40.0,,,Cropland,2,20,0.776785714,soc,POINT (4184844.577778929 2699195.251379726),133,16.0,0.0,16.0,0.0,16.0,33.0,16.0,0.0,0.0,16.0,"[0.0, 0.0, 16.0, 16.0, 0.0, 16.0, 16.0, 16.0, 0.0, 33.0]",11.3
Switzerland,47.39468333,8.228516667,CH37,,,44.0,,,Cropland,2,22,0.892857143,soc,POINT (4187181.688203316 2699498.188255721),134,16.0,16.0,0.0,0.0,0.0,16.0,16.0,0.0,0.0,0.0,"[0.0, 16.0, 16.0, 0.0, 0.0, 0.0, 0.0, 16.0, 0.0, 16.0]",6.4
Switzerland,47.4221,8.144833333,CH49,,,40.0,,,Cropland,2,20,0.912280702,soc,POINT (4180935.684503445 2702698.176425632),135,0.0,0.0,0.0,0.0,0.0,16.0,16.0,16.0,0.0,16.0,"[16.0, 0.0, 0.0, 0.0, 0.0, 0.0, 16.0, 16.0, 0.0, 16.0]",6.4
Switzerland,47.43316667,8.4015,CH52,,,40.0,,,Cropland,2,20,0.877192982,soc,POINT (4200335.923616256 2703475.580991921),136,16.0,0.0,0.0,33.0,33.0,66.0,0.0,0.0,16.0,0.0,"[0.0, 0.0, 16.0, 33.0, 16.0, 0.0, 0.0, 0.0, 33.0, 66.0]",16.4
Switzerland,47.4419,8.4938,CH7,,,50.0,,,Cropland,2,25,0.912280702,soc,POINT (4207321.269180099 2704299.64531664),137,16.0,0.0,0.0,16.0,16.0,16.0,0.0,0.0,0.0,0.0,"[0.0, 0.0, 16.0, 16.0, 0.0, 0.0, 0.0, 0.0, 16.0, 16.0]",6.4
Switzerland,47.44865,8.26865,CH43,,,46.0,,,Cropland,2,23,0.947368421,soc,POINT (4190348.649708189 2705420.889736057),138,16.0,33.0,0.0,16.0,16.0,16.0,16.0,16.0,0.0,16.0,"[16.0, 33.0, 16.0, 16.0, 0.0, 0.0, 16.0, 16.0, 16.0, 16.0]",14.5
Switzerland,47.45225,8.271816667,CH46,,,46.0,,,Cropland,2,23,1.0,soc,POINT (4190596.616613446 2705815.186733173),139,0.0,0.0,0.0,0.0,0.0,0.0,0.0,0.0,0.0,0.0,"[0.0, 0.0, 0.0, 0.0, 0.0, 0.0, 0.0, 0.0, 0.0, 0.0]",0.0
Switzerland,47.45756667,8.460366667,CH10,,,36.0,,,Cropland,2,18,0.936936937,soc,POINT (4204833.438255328 2706091.83329986),140,16.0,16.0,0.0,0.0,0.0,16.0,0.0,16.0,0.0,0.0,"[16.0, 16.0, 16.0, 0.0, 0.0, 0.0, 0.0, 0.0, 0.0, 16.0]",6.4
Switzerland,47.5,8.75,CH15 CH18 CH22 CH25,Urs Knecht Peter Ball Christoph Frei-Schöller Flavio Ferrari (Strickhof),0.607280469 0.701820117 0.4 0.557087812,35.25,Triticum_aestivum,wheat,,5.0 4.0 2.0,5.0 15.0 10.0 18.0,0.9491626795,amf.fungi cover.crop,POINT (4226761.061954903 2710394.123090966),141,16.0,16.0,0.0,0.0,16.0,0.0,0.0,0.0,0.0,0.0,"[0.0, 16.0, 16.0, 16.0, 0.0, 0.0, 0.0, 0.0, 0.0, 0.0]",4.8
Switzerland,47.514944,8.695778,CH25,,,36.0,,,Cropland,2,18,1.0,soc,POINT (4222702.057733022 2712124.783309323),142,16.0,0.0,0.0,0.0,0.0,0.0,0.0,16.0,0.0,16.0,"[16.0, 0.0, 16.0, 0.0, 0.0, 0.0, 16.0, 0.0, 0.0, 0.0]",4.8
Switzerland,47.52735,9.051166667,CH13,,,40.0,,,Cropland,2,20,0.936363636,soc,POINT (4249502.504433037 2713095.478153761),143,0.0,0.0,0.0,16.0,0.0,16.0,0.0,0.0,0.0,0.0,"[0.0, 0.0, 0.0, 0.0, 0.0, 0.0, 0.0, 0.0, 16.0, 16.0]",3.2
Switzerland,47.5452,9.0667,CH16,,,54.0,,,Cropland,2,27,0.833333333,soc,POINT (4250697.183588025 2715063.722300839),144,0.0,0.0,0.0,0.0,0.0,0.0,0.0,0.0,0.0,0.0,"[0.0, 0.0, 0.0, 0.0, 0.0, 0.0, 0.0, 0.0, 0.0, 0.0]",0.0
Switzerland,47.545917,8.684194,CH22,,,20.0,,,Cropland,2,10,0.842105263,soc,POINT (4221888.447082363 2715581.087990706),145,0.0,0.0,0.0,0.0,0.0,16.0,0.0,0.0,0.0,0.0,"[0.0, 0.0, 0.0, 0.0, 0.0, 0.0, 0.0, 0.0, 0.0, 16.0]",1.6
